order_id,order_created_at,sku,order_type,quantity,net_sales_usd,financial_status,fulfillment_status
DASH-1001,2025-01-06,FRESH-8LB-BEEF-CHICKEN,trial,1,34.50,paid,fulfilled
DASH-1002,2025-01-13,FRESH-8LB-BEEF-CHICKEN,trial,1,34.50,paid,fulfilled
DASH-1003,2025-01-20,FRESH-8LB-BEEF-CHICKEN,trial,1,34.50,paid,fulfilled
DASH-1004,2025-01-27,FRESH-8LB-BEEF-CHICKEN,subscription,1,127.20,paid,fulfilled
DASH-1005,2025-02-03,FRESH-8LB-BEEF-CHICKEN,subscription,2,254.40,paid,fulfilled
DASH-1006,2025-02-10,FRESH-8LB-BEEF-CHICKEN,subscription,1,127.20,paid,fulfilled
DASH-1007,2025-02-17,FRESH-8LB-BEEF-CHICKEN,subscription,2,254.40,paid,fulfilled
DASH-1008,2025-02-24,FRESH-8LB-BEEF-CHICKEN,subscription,2,254.40,paid,fulfilled
DASH-1009,2025-03-03,FRESH-8LB-BEEF-CHICKEN,subscription,3,381.60,paid,fulfilled
DASH-1010,2025-03-10,FRESH-8LB-BEEF-CHICKEN,subscription,3,381.60,paid,fulfilled
